{
	"info": {
		"_postman_id": "981d2089-994e-4b6d-856d-d6be8bf1cf05",
		"name": "CartAPI",
		"schema": "https://schema.getpostman.com/json/collection/v2.1.0/collection.json"
	},
	"item": [
		{
			"name": "Cart API Home",
			"request": {
				"method": "GET",
				"header": [],
				"url": {
					"raw": "http://localhost:8080/",
					"protocol": "http",
					"host": [
						"localhost"
					],
					"port": "8080",
					"path": [
						""
					]
				}
			},
			"response": []
		},
		{
			"name": "Get Cart By Id",
			"request": {
				"method": "GET",
				"header": [],
				"url": {
					"raw": "http://localhost:8080/cart",
					"protocol": "http",
					"host": [
						"localhost"
					],
					"port": "8080",
					"path": [
						"cart"
					]
				}
			},
			"response": []
		},
		{
			"name": "Create Cart",
			"request": {
				"method": "POST",
				"header": [],
				"body": {
					"mode": "raw",
					"raw": "{\n    \"id\": \"cart-1\",\n    \"items\": [\n        {\n            \"id\": \"cart-1-item-1\",\n            \"name\": \"Shirt\",\n            \"price\": 20.0,\n            \"currency\": \"USD\"\n        }\n    ],\n    \"total\": 20.0,\n    \"currency\": \"USD\"\n}",
					"options": {
						"raw": {
							"language": "json"
						}
					}
				},
				"url": {
					"raw": "http://localhost:8080/cart",
					"protocol": "http",
					"host": [
						"localhost"
					],
					"port": "8080",
					"path": [
						"cart"
					]
				}
			},
			"response": []
		},
		{
			"name": "Update Cart",
			"request": {
				"method": "POST",
				"header": [],
				"body": {
					"mode": "raw",
					"raw": "    {\n        \"id\": \"cart-1\",\n        \"items\": [\n            {\n                \"id\": \"cart-1-item-1\",\n                \"name\": \"Shirt\",\n                \"price\": 20.0,\n                \"currency\": \"USD\"\n            }\n        ],\n        \"total\": 20.0,\n        \"currency\": \"USD\"\n    }",
					"options": {
						"raw": {
							"language": "json"
						}
					}
				},
				"url": {
					"raw": "http://localhost:8080/cart",
					"protocol": "http",
					"host": [
						"localhost"
					],
					"port": "8080",
					"path": [
						"cart"
					]
				}
			},
			"response": []
		}
	]
}